City,Lat,Lng,Max Temp,Humidity,Cloudiness,Wind Speed,Country,Date
rabo de peixe,37.8,-25.58,73.4,88.0,40.0,6.2,PT,1597624127.0
hithadhoo,-0.6,73.08,83.21000000000008,67.0,89.0,1.95,MV,1597623960.0
yellowknife,62.46,-114.35,59.0,62.0,75.0,3.6,CA,1597624128.0
atamanovka,51.93,113.63,53.6,100.0,90.0,6.0,RU,1597624128.0
vaini,-21.2,-175.2,73.4,69.0,75.0,5.7,TO,1597624128.0
batemans bay,-35.72,150.18,64.99400000000007,75.0,10.0,4.02,AU,1597624129.0
halifax,44.65,-63.57,66.00200000000008,72.0,49.0,0.89,CA,1597623938.0
naze,28.37,129.48,87.8,74.0,20.0,3.1,JP,1597624129.0
zhirnovsk,50.98,44.77,52.483999999999995,80.0,2.0,2.25,RU,1597624129.0
luchegorsk,46.48,134.26,69.51200000000006,72.0,2.0,2.34,RU,1597624130.0
dikson,73.51,80.55,44.65400000000005,92.0,96.0,6.42,RU,1597624130.0
fortuna,40.6,-124.16,73.00400000000005,69.0,45.0,0.89,US,1597624130.0
anito,12.45,125.29,82.5260000000001,76.0,92.0,1.5,PH,1597624130.0
armidale,-30.52,151.65,42.998000000000026,92.0,99.0,1.79,AU,1597623934.0
hilo,19.73,-155.09,84.2,62.0,1.0,5.1,US,1597624131.0
ushuaia,-54.8,-68.3,33.8,74.0,75.0,7.2,AR,1597623836.0
puerto ayora,-0.74,-90.35,66.99199999999999,85.0,24.0,1.34,EC,1597624131.0
narsaq,60.92,-46.05,50.0,61.0,34.0,0.5,GL,1597624087.0
belaya gora,68.53,146.42,45.878000000000064,68.0,90.0,5.81,RU,1597624131.0
georgetown,5.41,100.34,80.6,94.0,20.0,1.5,MY,1597624016.0
bethel,41.37,-73.41,66.2,88.0,90.0,2.1,US,1597624121.0
kieta,-6.22,155.63,84.542,68.0,2.0,0.91,PG,1597624132.0
omsukchan,62.53,155.8,52.86200000000006,51.0,0.0,4.14,RU,1597624132.0
mataura,-46.19,168.86,46.004000000000055,96.0,69.0,0.89,NZ,1597624105.0
punta arenas,-53.15,-70.92,33.8,86.0,80.0,3.1,CL,1597624133.0
esna,25.29,32.55,87.8,27.0,80.0,1.0,EG,1597624133.0
rikitea,-23.12,-134.97,70.592,78.0,2.0,5.78,PF,1597624099.0
saldanha,-33.01,17.94,42.8,87.0,90.0,0.5,ZA,1597624133.0
hermanus,-34.42,19.23,44.99600000000005,90.0,100.0,0.45,ZA,1597624097.0
hobart,-42.88,147.33,53.99600000000005,87.0,75.0,2.6,AU,1597624056.0
portland,45.52,-122.68,93.2,26.0,75.0,2.6,US,1597623643.0
seoul,37.57,126.98,82.4,83.0,90.0,2.4,KR,1597623320.0
la ronge,55.1,-105.28,64.4,59.0,75.0,3.1,CA,1597624134.0
coahuayana,18.73,-103.68,80.6,83.0,40.0,7.7,MX,1597624134.0
saryozek,44.36,77.98,73.81400000000004,31.0,79.0,1.87,KZ,1597624134.0
kapaa,22.08,-159.32,84.2,70.0,1.0,6.2,US,1597624102.0
jamestown,42.1,-79.24,69.99800000000002,77.0,75.0,4.6,US,1597624098.0
cabo san lucas,22.89,-109.91,91.00400000000005,55.0,75.0,8.7,MX,1597624135.0
arkhangelsk,64.54,40.54,42.8,100.0,40.0,1.0,RU,1597624135.0
ribeira grande,38.52,-28.7,74.33600000000007,88.0,28.0,10.25,PT,1597624135.0
pisco,-13.7,-76.22,62.00600000000003,82.0,15.0,5.7,PE,1597623987.0
east london,-33.02,27.91,52.412000000000056,59.0,18.0,4.65,ZA,1597624135.0
la rioja,42.25,-2.5,60.8,87.0,24.0,1.05,ES,1597624136.0
new norfolk,-42.78,147.06,53.99600000000005,87.0,100.0,0.66,AU,1597624110.0
cottonwood,34.74,-112.01,105.99800000000002,9.0,41.0,0.45,US,1597624136.0
mar del plata,-38.0,-57.56,48.2,66.0,75.0,6.2,AR,1597624136.0
kharp,66.8,65.81,41.72000000000006,82.0,33.0,0.53,RU,1597624136.0
ilulissat,69.22,-51.1,41.0,65.0,0.0,2.86,GL,1597624137.0
albany,42.6,-73.97,69.99800000000002,68.0,65.0,1.44,US,1597623931.0
bonthe,7.53,-12.51,75.72200000000004,82.0,83.0,3.93,SL,1597624137.0
chuy,-33.7,-53.46,45.248000000000026,71.0,0.0,3.15,UY,1597624137.0
atuona,-9.8,-139.03,78.27800000000006,75.0,1.0,7.11,PF,1597624137.0
busselton,-33.65,115.33,51.998000000000026,83.0,94.0,7.65,AU,1597624076.0
yokadouma,3.52,15.05,71.11400000000003,93.0,100.0,0.72,CM,1597624138.0
partizanske,48.63,18.38,64.99400000000007,84.0,2.0,0.89,SK,1597624138.0
nhulunbuy,-12.23,136.77,82.4,58.0,20.0,7.7,AU,1597623917.0
saint-joseph,-21.37,55.62,68.0,56.0,27.0,3.6,RE,1597624138.0
vostok,46.49,135.88,64.92200000000004,69.0,42.0,2.55,RU,1597624071.0
butaritari,3.07,172.79,81.68000000000004,65.0,77.0,0.9,KI,1597624139.0
porto novo,6.5,2.6,75.2,94.0,40.0,4.6,BJ,1597624139.0
barrow,71.29,-156.79,41.0,80.0,90.0,6.2,US,1597624139.0
mookane,-23.69,26.66,51.78200000000002,38.0,0.0,2.02,BW,1597624139.0
coquimbo,-29.95,-71.34,50.0,87.0,0.0,1.5,CL,1597624139.0
agirish,61.92,63.02,48.812000000000054,96.0,100.0,3.22,RU,1597624139.0
thompson,55.74,-97.86,59.0,67.0,90.0,4.1,CA,1597624099.0
suamico,44.63,-88.04,78.00800000000001,61.0,1.0,2.1,US,1597624140.0
puerto narino,-3.77,-70.38,80.6,100.0,92.0,0.63,CO,1597624140.0
katsuura,35.13,140.3,89.99600000000005,75.0,40.0,2.1,JP,1597623970.0
budhlada,29.93,75.57,82.85,79.0,0.0,3.3,IN,1597624140.0
margate,51.38,1.39,64.99400000000007,73.0,8.0,0.36,GB,1597623970.0
atherton,53.52,-2.49,60.008,95.0,100.0,0.89,GB,1597624141.0
mahebourg,-20.41,57.7,69.8,77.0,40.0,5.1,MU,1597624111.0
luanda,-8.84,13.23,69.8,88.0,20.0,2.6,AO,1597623615.0
ardakan,32.31,54.02,84.2,25.0,20.0,3.1,IR,1597624142.0
bluff,-46.6,168.33,46.004000000000055,96.0,81.0,0.89,NZ,1597624098.0
sur,22.57,59.53,89.52800000000006,55.0,91.0,2.11,OM,1597624142.0
anajatuba,-3.26,-44.62,76.73000000000005,80.0,22.0,2.7,BR,1597624143.0
ipixuna,-1.76,-48.8,82.4,74.0,39.0,5.1,BR,1597624013.0
nikolskoye,59.7,30.79,55.004000000000055,81.0,0.0,1.54,RU,1597623971.0
ancud,-41.87,-73.82,44.99600000000005,86.0,68.0,1.0,CL,1597624143.0
port elizabeth,-33.92,25.57,48.2,70.0,72.0,4.1,ZA,1597624144.0
longyearbyen,78.22,15.64,41.0,80.0,40.0,2.1,SJ,1597624091.0
codrington,-38.27,141.97,50.03600000000007,81.0,90.0,3.98,AU,1597624144.0
bam,29.11,58.36,84.50600000000003,25.0,9.0,1.58,IR,1597624144.0
san matias,-16.37,-58.4,85.766,43.0,53.0,2.79,BO,1597624144.0
russell,32.35,-85.2,89.6,70.0,1.0,1.64,US,1597624145.0
dustlik,40.52,68.04,73.23800000000004,38.0,70.0,4.35,UZ,1597624145.0
esperance,-33.87,121.9,46.4,81.0,38.0,9.3,AU,1597624145.0
lebu,-37.62,-73.65,48.43399999999999,84.0,80.0,1.62,CL,1597624145.0
fort nelson,58.81,-122.7,68.0,72.0,75.0,1.0,CA,1597624125.0
tiksi,71.69,128.87,47.19199999999999,65.0,14.0,1.28,RU,1597624122.0
nuuk,64.18,-51.72,50.0,61.0,0.0,3.6,GL,1597624068.0
mount gambier,-37.83,140.77,48.2,93.0,85.0,4.6,AU,1597623982.0
shingu,33.73,135.98,93.2,63.0,40.0,2.6,JP,1597624146.0
augusto correa,-1.02,-46.63,77.0,83.0,67.0,2.69,BR,1597624147.0
bagru,26.81,75.54,80.6,100.0,40.0,1.71,IN,1597624147.0
bredasdorp,-34.53,20.04,46.4,81.0,100.0,2.6,ZA,1597624147.0
ahipara,-35.17,173.17,58.11800000000009,64.0,78.0,6.92,NZ,1597624107.0
sinnamary,5.38,-52.95,79.66400000000003,84.0,100.0,5.11,GF,1597624147.0
souillac,-20.52,57.52,69.8,77.0,40.0,5.1,MU,1597624148.0
fonte boa,-2.5,-66.27,76.55,85.0,67.0,0.71,BR,1597624148.0
airai,-8.93,125.41,68.57600000000009,51.0,1.0,1.61,TL,1597624148.0
la plata,-34.92,-57.95,62.00600000000003,27.0,0.0,1.34,AR,1597624148.0
saint-philippe,-21.36,55.77,68.0,56.0,42.0,3.6,RE,1597624149.0
galle,6.04,80.22,78.33200000000002,87.0,98.0,3.45,LK,1597624149.0
vao,-22.67,167.48,71.49199999999999,85.0,40.0,7.92,NC,1597624149.0
aberdeen,57.14,-2.1,55.004000000000055,93.0,90.0,1.0,GB,1597624149.0
zhezkazgan,47.8,67.71,61.84400000000007,39.0,0.0,3.01,KZ,1597624149.0
avarua,-21.21,-159.78,75.2,64.0,56.0,3.1,CK,1597623998.0
egvekinot,66.32,-179.17,50.41400000000003,78.0,100.0,2.21,RU,1597624150.0
puerto escondido,15.85,-97.07,84.2,62.0,75.0,4.6,MX,1597623963.0
menongue,-14.66,17.69,54.55400000000005,36.0,0.0,0.87,AO,1597624150.0
mango,27.98,-82.31,82.99400000000007,88.0,1.0,3.27,US,1597624068.0
the valley,18.22,-63.06,84.2,74.0,40.0,5.7,AI,1597623859.0
makakilo city,21.35,-158.09,91.4,41.0,1.0,4.6,US,1597624151.0
la sarre,48.8,-79.2,60.92600000000009,95.0,100.0,2.43,CA,1597624151.0
mersing,2.43,103.84,75.2,94.0,40.0,1.92,MY,1597624152.0
tura,25.52,90.22,74.75,97.0,100.0,2.43,IN,1597624086.0
cape town,-33.93,18.42,44.6,93.0,100.0,3.6,ZA,1597623827.0
bonavista,48.65,-53.11,57.00200000000008,72.0,0.0,0.89,CA,1597624152.0
verkhniye tatyshly,56.29,55.86,49.064000000000036,94.0,99.0,3.92,RU,1597624153.0
half moon bay,37.46,-122.43,93.2,77.0,1.0,7.7,US,1597624114.0
cairns,-16.92,145.77,78.00800000000001,50.0,90.0,5.1,AU,1597623917.0
harper,4.38,-7.72,74.24600000000005,75.0,53.0,2.8,LR,1597624153.0
matara,5.95,80.54,76.71200000000006,90.0,97.0,3.71,LK,1597624153.0
lasa,46.62,10.7,59.0,93.0,75.0,1.0,IT,1597624037.0
tuktoyaktuk,69.45,-133.04,53.6,81.0,90.0,2.6,CA,1597624073.0
sao filipe,14.9,-24.5,79.57400000000001,82.0,82.0,2.15,CV,1597624154.0
port alfred,-33.59,26.89,50.233999999999995,68.0,69.0,5.21,ZA,1597624103.0
fairbanks,64.84,-147.72,71.6,40.0,40.0,2.1,US,1597623909.0
straja,47.92,25.55,60.998000000000026,87.0,0.0,1.5,RO,1597624154.0
olafsvik,64.89,-23.71,53.74400000000007,89.0,88.0,1.12,IS,1597624154.0
kanashevo,55.22,62.06,55.4,100.0,75.0,3.0,RU,1597624155.0
bealanana,-14.55,48.73,56.67800000000007,91.0,66.0,1.31,MG,1597624155.0
bismarck,46.81,-100.78,87.8,25.0,1.0,6.7,US,1597623889.0
casablanca,33.59,-7.62,73.00400000000005,88.0,0.0,3.1,MA,1597623751.0
makinsk,52.63,70.42,52.23200000000001,91.0,46.0,3.5,KZ,1597624156.0
arraial do cabo,-22.97,-42.03,71.69000000000003,90.0,85.0,3.85,BR,1597623936.0
pevek,69.7,170.31,41.0,85.0,39.0,6.92,RU,1597624156.0
avera,33.19,-82.53,82.4,78.0,1.0,1.5,US,1597624156.0
yeniseysk,58.45,92.17,56.19199999999999,66.0,100.0,2.62,RU,1597624139.0
provideniya,64.38,-173.3,50.0,76.0,100.0,2.0,RU,1597624156.0
pinotepa nacional,16.32,-98.02,80.51000000000008,81.0,80.0,2.38,MX,1597624080.0
liaozhong,41.51,122.72,77.0,94.0,90.0,1.0,CN,1597624157.0
faanui,-16.48,-151.75,77.93600000000006,72.0,0.0,5.13,PF,1597624066.0
yar-sale,66.83,70.83,47.80400000000005,85.0,95.0,2.09,RU,1597624114.0
priyutnoye,46.1,43.51,59.0,44.0,0.0,4.02,RU,1597624157.0
rawson,-43.3,-65.1,45.82400000000001,52.0,15.0,6.54,AR,1597624158.0
puri,19.8,85.85,80.6,94.0,75.0,2.1,IN,1597624152.0
port hardy,50.7,-127.42,71.6,68.0,75.0,3.6,CA,1597624158.0
kavieng,-2.57,150.8,84.05600000000003,74.0,39.0,5.04,PG,1597624137.0
astoria,46.19,-123.83,78.00800000000001,43.0,1.0,6.2,US,1597624013.0
belle fourche,44.67,-103.85,89.00600000000003,19.0,1.0,3.6,US,1597624159.0
maniitsoq,65.42,-52.9,47.768000000000086,65.0,8.0,4.11,GL,1597624159.0
tagusao,9.19,117.81,82.184,74.0,100.0,1.61,PH,1597624082.0
malpe,13.35,74.72,75.2,94.0,90.0,5.59,IN,1597624159.0
verkhoyansk,67.54,133.38,47.84000000000002,52.0,38.0,1.49,RU,1597624160.0
kaitangata,-46.28,169.85,48.992,71.0,63.0,1.38,NZ,1597623966.0
atambua,-9.11,124.89,79.37600000000009,55.0,1.0,0.16,ID,1597624160.0
eirunepe,-6.66,-69.87,80.79800000000003,66.0,55.0,1.19,BR,1597624161.0
sioux lookout,50.1,-91.92,68.0,52.0,75.0,6.7,CA,1597624161.0
araouane,18.9,-3.53,97.82600000000009,29.0,43.0,7.28,ML,1597624158.0
campbell river,50.02,-125.24,82.4,39.0,20.0,4.6,CA,1597624161.0
arman,59.7,150.17,62.258,66.0,100.0,0.11,RU,1597624106.0
norman wells,65.28,-126.83,59.0,62.0,75.0,2.1,CA,1597624104.0
buraydah,26.33,43.98,86.0,27.0,74.0,3.1,SA,1597624015.0
victoria,22.29,114.16,82.00400000000005,83.0,36.0,3.58,HK,1597624153.0
dubbo,-32.25,148.62,48.2,100.0,90.0,1.5,AU,1597624028.0
castro,-24.79,-50.01,59.702000000000076,96.0,97.0,2.44,BR,1597624069.0
kumo,10.04,11.21,74.87600000000009,84.0,96.0,3.95,NG,1597624163.0
singkang,2.1,102.8,77.0,88.0,20.0,1.0,MY,1597624163.0
kyra,49.58,111.98,60.314000000000036,84.0,35.0,0.72,RU,1597624163.0
moose factory,51.26,-80.61,69.8,73.0,1.0,1.5,CA,1597624163.0
raduzhnyy,62.1,77.47,54.842,83.0,96.0,1.6,RU,1597624164.0
inhambane,-23.86,35.38,69.94400000000007,75.0,49.0,7.66,MZ,1597624005.0
iqaluit,63.75,-68.51,42.8,93.0,20.0,2.6,CA,1597624164.0
saint george,37.1,-113.58,111.00200000000008,7.0,1.0,1.5,US,1597624164.0
severo-kurilsk,50.68,156.12,52.268000000000086,87.0,79.0,2.51,RU,1597624164.0
namatanai,-3.67,152.43,83.858,71.0,7.0,4.17,PG,1597624165.0
goderich,43.75,-81.72,71.99600000000005,82.0,47.0,4.02,CA,1597624165.0
ugoofaaru,5.67,73.0,82.49000000000002,74.0,100.0,2.46,MV,1597624165.0
ormara,25.21,64.64,82.83200000000002,85.0,83.0,4.91,PK,1597624165.0
bud,39.45,-86.18,77.0,53.0,1.0,3.2,US,1597624166.0
sao joao da barra,-21.64,-41.05,73.94000000000003,90.0,96.0,4.34,BR,1597623974.0
khatanga,71.97,102.5,61.46600000000001,80.0,66.0,1.78,RU,1597624166.0
lamu,-2.27,40.9,75.47000000000006,83.0,96.0,5.87,KE,1597624004.0
whitehorse,60.72,-135.05,57.2,67.0,75.0,5.1,CA,1597624166.0
qaanaaq,77.48,-69.36,37.544000000000075,73.0,0.0,0.29,GL,1597624167.0
upernavik,72.79,-56.15,41.07200000000004,68.0,0.0,0.43,GL,1597624167.0
gizo,-8.1,156.84,81.89600000000004,78.0,53.0,4.25,SB,1597624167.0
yantal,56.85,105.25,53.22200000000004,56.0,0.0,3.1,RU,1597624167.0
flinders,-34.58,150.86,62.99600000000005,57.0,18.0,6.26,AU,1597624087.0
isangel,-19.55,169.27,78.8,78.0,40.0,5.1,VU,1597624143.0
san luis,-33.3,-66.34,52.7,40.0,12.0,3.67,AR,1597624168.0
kodiak,57.79,-152.41,66.2,59.0,1.0,3.1,US,1597624107.0
bubaque,11.28,-15.83,78.33200000000002,88.0,100.0,6.17,GW,1597624168.0
palana,59.12,159.97,55.52600000000009,69.0,5.0,6.1,RU,1597624168.0
vila franca do campo,37.72,-25.43,73.4,88.0,40.0,6.2,PT,1597624168.0
burgersdorp,-31.0,26.33,28.022000000000038,84.0,0.0,0.7,ZA,1597624169.0
port hawkesbury,45.62,-61.35,60.998000000000026,87.0,1.0,2.1,CA,1597624169.0
hofn,64.25,-15.21,54.14000000000002,84.0,71.0,0.44,IS,1597624169.0
chokwe,-24.53,32.98,67.208,73.0,64.0,6.36,MZ,1597624169.0
lavrentiya,65.58,-171.0,54.266000000000005,62.0,100.0,2.99,RU,1597624169.0
touros,-5.2,-35.46,73.4,94.0,20.0,2.6,BR,1597624113.0
taldan,53.67,124.8,51.15200000000008,100.0,100.0,1.53,RU,1597624170.0
cap malheureux,-19.98,57.61,69.99800000000002,77.0,33.0,1.79,MU,1597624170.0
elliot,-31.33,27.85,29.354000000000052,84.0,0.0,1.09,ZA,1597624170.0
wilmington,34.23,-77.94,77.0,83.0,90.0,3.1,US,1597623714.0
leningradskiy,69.38,178.42,45.42800000000007,88.0,100.0,1.62,RU,1597624146.0
maromitsa,59.87,48.01,49.352000000000075,96.0,100.0,2.58,RU,1597624171.0
ponta do sol,32.67,-17.1,73.4,69.0,20.0,7.7,PT,1597624171.0
ouadda,8.08,22.4,69.53000000000004,95.0,100.0,0.89,CF,1597624171.0
torbay,47.67,-52.73,59.0,67.0,5.0,4.6,CA,1597624171.0
port-de-bouc,43.4,4.98,75.2,78.0,23.0,1.0,FR,1597624172.0
bosanska dubica,45.18,16.81,66.2,93.0,11.0,1.0,BA,1597624172.0
dunedin,-45.87,170.5,46.99400000000007,78.0,35.0,4.47,NZ,1597624172.0
puerto ayacucho,5.66,-67.62,82.4,74.0,40.0,1.3,VE,1597624172.0
yulara,-25.24,130.99,71.6,37.0,90.0,5.1,AU,1597624172.0
nome,64.5,-165.41,55.004000000000055,87.0,90.0,4.6,US,1597624173.0
serenje,-13.23,30.24,57.056000000000026,38.0,0.0,2.68,ZM,1597624173.0
samarai,-10.62,150.67,77.07200000000003,71.0,49.0,4.61,PG,1597624031.0
beringovskiy,63.05,179.32,52.19600000000005,87.0,100.0,5.43,RU,1597624146.0
talnakh,69.49,88.4,60.8,51.0,81.0,6.0,RU,1597624173.0
plymouth,41.83,-70.83,66.2,100.0,90.0,4.6,US,1597623900.0
venado tuerto,-33.75,-61.97,48.992,46.0,0.0,1.79,AR,1597624174.0
kalmunai,7.42,81.82,78.31400000000004,84.0,100.0,1.83,LK,1597624174.0
jeremie,18.65,-74.12,82.47200000000004,78.0,99.0,2.81,HT,1597624174.0
vanimo,-2.67,141.3,82.90400000000005,74.0,52.0,2.91,PG,1597624109.0
korla,41.76,86.15,73.99400000000007,52.0,10.0,4.56,CN,1597624175.0
nanning,22.82,108.32,77.0,100.0,40.0,3.0,CN,1597623948.0
road town,18.42,-64.62,84.99199999999999,79.0,75.0,4.6,VG,1597624175.0
carauari,-4.88,-66.9,80.65400000000005,62.0,54.0,1.19,BR,1597623902.0
upington,-28.45,21.26,35.6,40.0,0.0,1.0,ZA,1597624175.0
port hedland,-20.32,118.57,69.8,83.0,0.0,4.6,AU,1597624176.0
rustenburg,-25.67,27.24,48.07400000000001,46.0,0.0,2.68,ZA,1597624176.0
copiapo,-27.37,-70.33,51.8,81.0,0.0,4.1,CL,1597624176.0
pacific grove,36.62,-121.92,89.99600000000005,39.0,1.0,2.6,US,1597624176.0
dire,12.28,-10.97,74.10200000000007,94.0,62.0,1.22,ML,1597624177.0
gari,59.43,62.35,53.294000000000075,98.0,100.0,3.76,RU,1597624177.0
khandyga,62.67,135.6,53.564000000000036,42.0,76.0,2.16,RU,1597624177.0
calama,-22.47,-68.93,50.0,19.0,0.0,5.7,CL,1597624177.0
yashalta,46.34,42.28,60.35,56.0,0.0,1.24,RU,1597624177.0
cruzeiro do sul,-29.51,-51.99,53.99600000000005,95.0,29.0,0.59,BR,1597624178.0
bosaso,11.28,49.18,91.13000000000004,41.0,57.0,8.13,SO,1597624178.0
constitucion,-35.33,-72.42,47.570000000000064,79.0,31.0,5.0,CL,1597624102.0
san ramon,37.78,-121.98,105.8,16.0,40.0,2.6,US,1597624178.0
kirakira,-10.45,161.92,83.62400000000001,66.0,0.0,1.59,SB,1597624166.0
londoko,49.03,131.98,61.88000000000004,70.0,79.0,2.21,RU,1597624178.0
progreso,21.28,-89.67,87.99800000000002,70.0,75.0,5.1,MX,1597624179.0
nyaunglebin,17.95,96.73,74.96600000000001,92.0,100.0,1.75,MM,1597624179.0
qandala,11.47,49.87,88.55600000000003,51.0,69.0,2.71,SO,1597624180.0
port shepstone,-30.74,30.45,53.20400000000005,51.0,0.0,3.47,ZA,1597624180.0
lixourion,38.2,20.43,76.35200000000007,80.0,0.0,3.56,GR,1597624180.0
bagdarin,54.43,113.6,50.48600000000007,83.0,98.0,2.36,RU,1597624180.0
miyako,39.64,141.95,78.51200000000006,67.0,81.0,2.49,JP,1597624180.0
sibolga,1.74,98.78,75.18200000000002,85.0,98.0,0.73,ID,1597624151.0
bengkulu,-3.8,102.27,76.22600000000008,83.0,25.0,1.32,ID,1597624116.0
santa rosa,14.31,121.11,78.99800000000002,88.0,89.0,1.5,PH,1597624181.0
kavaratti,10.57,72.64,81.842,80.0,100.0,7.03,IN,1597624182.0
jardim,-21.48,-56.14,70.41200000000006,95.0,100.0,1.67,BR,1597624155.0
baykit,61.67,96.37,51.49400000000007,60.0,68.0,1.16,RU,1597624182.0
boueni,-12.9,45.08,73.4,88.0,45.0,2.6,YT,1597624182.0
katghora,22.5,82.55,76.47800000000007,95.0,100.0,1.14,IN,1597624183.0
nelson bay,-32.72,152.15,62.00600000000003,55.0,20.0,10.8,AU,1597624183.0
korhogo,9.45,-5.63,71.74400000000007,93.0,64.0,1.62,CI,1597624183.0
krasnogorodsk,56.83,28.28,58.92800000000007,90.0,0.0,2.62,RU,1597624183.0
cockburn town,21.46,-71.14,84.2,79.0,40.0,5.1,TC,1597624183.0
leh,34.17,77.58,62.94199999999999,29.0,0.0,2.3,IN,1597624184.0
talaya,61.38,152.75,53.40200000000008,57.0,94.0,3.52,RU,1597624184.0
redmond,47.67,-122.12,98.00600000000003,33.0,3.0,2.23,US,1597624184.0
lata,40.16,-8.33,69.00800000000001,90.0,90.0,0.45,PT,1597624184.0
lazaro cardenas,17.96,-102.2,84.92000000000006,73.0,52.0,1.73,MX,1597624170.0
mareeba,-17.0,145.43,78.00800000000001,50.0,78.0,5.1,AU,1597624185.0
carnarvon,-24.87,113.63,55.4,100.0,90.0,2.6,AU,1597624185.0
yatou,37.15,122.38,79.53800000000004,90.0,6.0,3.91,CN,1597624185.0
ploufragan,48.49,-2.79,59.0,10.0,81.0,3.13,FR,1597624186.0
hasaki,35.73,140.83,91.4,66.0,40.0,0.5,JP,1597624094.0
ketchikan,55.34,-131.65,57.2,100.0,90.0,2.1,US,1597624186.0
tarauaca,-8.16,-70.77,81.68000000000004,57.0,20.0,0.92,BR,1597624186.0
luderitz,-26.65,15.16,55.346000000000046,56.0,0.0,7.24,NA,1597624186.0
terrace,54.52,-128.6,75.2,60.0,40.0,4.1,CA,1597624186.0
esmeraldas,-19.76,-44.31,73.4,64.0,43.0,3.1,BR,1597624187.0
caravelas,-17.71,-39.25,73.99400000000007,87.0,9.0,3.38,BR,1597624187.0
ghugus,19.93,79.13,75.48800000000004,90.0,100.0,5.59,IN,1597624187.0
byron bay,-28.65,153.62,64.4,45.0,0.0,6.2,AU,1597623995.0
sovetskiy,61.36,63.58,50.63000000000004,91.0,100.0,3.38,RU,1597624187.0
znamenskoye,57.13,73.83,52.43000000000004,88.0,91.0,4.52,RU,1597623927.0
sokolac,43.94,18.8,62.6,100.0,3.0,1.0,BA,1597624188.0
amsterdam,52.37,4.89,66.00200000000008,93.0,40.0,1.5,NL,1597624087.0
gladstone,-23.85,151.25,68.0,34.0,0.0,3.1,AU,1597624188.0
ayan,56.45,138.17,54.57200000000004,90.0,100.0,1.62,RU,1597624188.0
cavalcante,-13.8,-47.46,74.984,32.0,16.0,1.79,BR,1597624188.0
gafanha da encarnacao,40.62,-8.73,69.00800000000001,90.0,71.0,3.46,PT,1597624189.0
ambon,-3.7,128.18,82.00400000000005,78.0,40.0,3.6,ID,1597624189.0
boa vista,2.82,-60.67,77.0,83.0,20.0,1.0,BR,1597623947.0
kosa,59.94,55.0,48.70400000000005,85.0,98.0,2.21,RU,1597624189.0
havre-saint-pierre,50.23,-63.6,57.2,100.0,1.0,1.0,CA,1597624189.0
verkhnevilyuysk,63.45,120.32,54.878000000000064,57.0,5.0,1.52,RU,1597624190.0
pitimbu,-7.47,-34.81,73.4,94.0,20.0,2.1,BR,1597624190.0
itamaraju,-17.04,-39.53,69.42200000000004,96.0,11.0,1.24,BR,1597624190.0
saskylakh,71.92,114.08,59.918000000000085,49.0,42.0,0.84,RU,1597624066.0
chokurdakh,70.63,147.92,40.082000000000015,92.0,100.0,5.5,RU,1597624117.0
mecca,21.43,39.83,90.28399999999999,25.0,21.0,1.09,SA,1597623964.0
grivenskaya,45.65,38.18,59.03600000000007,54.0,0.0,2.87,RU,1597624191.0
foso,5.7,-1.29,69.22400000000002,92.0,18.0,1.24,GH,1597624191.0
aswan,24.09,32.91,88.43000000000004,21.0,67.0,1.88,EG,1597624191.0
litovko,49.24,135.17,62.708000000000006,88.0,82.0,2.92,RU,1597624191.0
bandarbeyla,9.49,50.81,75.12800000000007,76.0,64.0,12.64,SO,1597624192.0
kutum,14.2,24.67,75.52400000000002,68.0,74.0,2.04,SD,1597624192.0
kiunga,-6.12,141.29,77.63000000000004,78.0,65.0,1.34,PG,1597624192.0
port lincoln,-34.73,135.87,59.162000000000056,59.0,52.0,8.82,AU,1597623971.0
dwarka,22.24,68.97,82.92200000000004,82.0,100.0,9.22,IN,1597624192.0
madras,13.09,80.28,82.4,78.0,75.0,2.96,IN,1597624193.0
cafarnaum,-11.69,-41.47,67.67600000000009,62.0,5.0,3.46,BR,1597624193.0
sungai besar,3.67,100.99,77.0,94.0,40.0,3.43,MY,1597624193.0
ilebo,-4.32,20.58,82.54400000000007,51.0,99.0,1.36,CD,1597624193.0
vaasa,63.1,21.62,57.992,93.0,0.0,0.5,FI,1597624193.0
palmer,42.16,-72.33,68.0,72.0,90.0,2.6,US,1597624194.0
padang,-0.95,100.35,77.342,77.0,52.0,1.82,ID,1597624194.0
puerto maldonado,-12.6,-69.18,83.49800000000002,61.0,83.0,0.45,PE,1597624194.0
bambous virieux,-20.34,57.76,69.99800000000002,77.0,40.0,5.1,MU,1597623979.0
alice springs,-23.7,133.88,77.0,20.0,15.0,8.7,AU,1597624194.0
husavik,66.04,-17.34,51.8,87.0,45.0,1.0,IS,1597624195.0
saint anthony,45.02,-93.22,82.00400000000005,42.0,1.0,3.1,US,1597624195.0
winnemucca,40.97,-117.74,102.2,9.0,75.0,3.1,US,1597624168.0
marovoay,-16.1,46.63,65.12000000000006,73.0,0.0,1.16,MG,1597624196.0
ponta delgada,37.73,-25.67,73.4,88.0,40.0,6.2,PT,1597624196.0
rongcheng,30.63,117.85,84.00200000000008,94.0,0.0,0.85,CN,1597624196.0
deputatskiy,69.3,139.9,38.33600000000007,85.0,99.0,2.96,RU,1597624196.0
sitka,57.05,-135.33,60.8,77.0,75.0,0.11,US,1597623993.0
vardo,70.37,31.11,47.354000000000056,79.0,100.0,11.43,NO,1597624196.0
assiniboia,49.63,-105.98,84.34400000000008,26.0,0.0,2.47,CA,1597624028.0
grants pass,42.44,-123.33,96.8,20.0,1.0,3.62,US,1597624197.0
killybegs,54.63,-8.45,60.998000000000026,93.0,92.0,0.89,IE,1597624197.0
kahului,20.89,-156.47,87.8,55.0,20.0,8.2,US,1597624148.0
mount isa,-20.73,139.5,71.6,21.0,0.0,5.7,AU,1597624092.0
waipawa,-41.41,175.52,53.99600000000005,58.0,5.0,1.5,NZ,1597624198.0
storforshei,66.4,14.52,44.13200000000002,75.0,56.0,1.08,NO,1597624198.0
ternate,0.8,127.4,81.30200000000008,77.0,23.0,3.94,ID,1597624198.0
berlevag,70.86,29.09,46.544000000000075,79.0,100.0,13.3,NO,1597624148.0
kayes,14.0,-11.0,82.4,88.0,20.0,2.1,ML,1597624199.0
ukiah,39.15,-123.21,100.4,24.0,1.0,6.2,US,1597624037.0
marawi,8.0,124.29,78.00800000000001,85.0,81.0,2.68,PH,1597624199.0
iringa,-7.77,35.7,53.780000000000044,92.0,49.0,3.08,TZ,1597624199.0
destin,30.39,-86.5,91.4,52.0,1.0,3.8,US,1597624199.0
cradock,-32.16,25.62,33.96200000000006,88.0,0.0,0.41,ZA,1597624200.0
langholm,55.15,-3.0,53.6,100.0,97.0,5.1,GB,1597624200.0
agadir,30.42,-9.6,68.0,82.0,0.0,2.81,MA,1597624200.0
aksu,41.12,80.26,74.192,24.0,37.0,3.16,CN,1597624200.0
parkes,-33.13,148.18,48.992,84.0,75.0,1.99,AU,1597624200.0
gallup,35.53,-108.74,95.0,8.0,1.0,6.7,US,1597624200.0
biak,-0.91,122.88,80.2760000000001,72.0,22.0,4.11,ID,1597624201.0
lompoc,34.64,-120.46,80.99600000000005,60.0,1.0,6.2,US,1597624048.0
suozhen,36.95,118.1,87.44000000000003,73.0,49.0,1.55,CN,1597624201.0
yuba city,39.14,-121.62,107.6,34.0,1.0,2.6,US,1597624202.0
la fria,8.22,-72.24,82.4,61.0,40.0,5.1,VE,1597624202.0
cermik,38.14,39.45,68.0,42.0,0.0,4.1,TR,1597624202.0
vokhtoga,58.81,41.05,50.45,97.0,1.0,3.42,RU,1597624203.0
asahikawa,43.77,142.37,75.2,73.0,75.0,1.0,JP,1597624203.0
makat,47.65,53.35,64.58000000000004,51.0,0.0,3.89,KZ,1597624203.0
port macquarie,-31.43,152.92,64.99400000000007,52.0,0.0,1.34,AU,1597624204.0
miles city,46.41,-105.84,91.4,16.0,1.0,4.1,US,1597624204.0
port-gentil,-0.72,8.78,75.2,94.0,90.0,5.03,GA,1597624205.0
otradnoye,59.78,30.82,55.004000000000055,81.0,0.0,1.58,RU,1597624088.0
adrar,20.5,-10.07,99.98600000000008,18.0,0.0,3.42,MR,1597624206.0
excelsior springs,39.34,-94.23,82.99400000000007,57.0,1.0,2.61,US,1597624206.0
khunti,23.08,85.28,75.2,100.0,90.0,1.5,IN,1597624206.0
tautira,-17.73,-149.15,82.4,65.0,20.0,6.2,PF,1597624206.0
cherskiy,68.75,161.3,42.42200000000004,78.0,97.0,5.32,RU,1597624198.0
vaitape,-16.52,-151.75,78.94400000000007,67.0,0.0,4.76,PF,1597624207.0
namibe,-15.2,12.15,61.30400000000005,88.0,53.0,3.4,AO,1597624147.0
vangazi,57.09,24.55,64.00400000000005,100.0,20.0,1.51,LV,1597624207.0
srednekolymsk,67.45,153.68,48.65,55.0,99.0,6.18,RU,1597624208.0
newport,51.59,-3.0,62.00600000000003,97.0,56.0,3.81,GB,1597624208.0
launceston,-41.45,147.17,57.992,81.0,90.0,3.1,AU,1597624208.0
duncan,34.5,-97.96,78.8,65.0,1.0,2.1,US,1597624208.0
agua verde,22.9,-106.05,89.00600000000003,66.0,90.0,2.1,MX,1597624208.0
forio,40.73,13.86,77.0,84.0,0.0,2.81,IT,1597624209.0
ahuimanu,21.44,-157.84,87.8,65.0,20.0,4.1,US,1597624119.0
tasiilaq,65.61,-37.64,48.2,76.0,100.0,9.8,GL,1597624209.0
bokaa,-24.45,26.02,42.8,41.0,0.0,1.5,BW,1597624209.0
panagar,23.3,79.98,77.45,91.0,100.0,4.55,IN,1597624209.0
houma,29.6,-90.72,91.99400000000007,63.0,1.0,0.04,US,1597624210.0
hollola,61.05,25.43,48.00200000000008,88.0,0.0,1.5,FI,1597624210.0
waounde,15.26,-12.87,86.48600000000008,63.0,97.0,8.49,SN,1597624210.0
cidreira,-30.18,-50.21,54.788000000000046,63.0,27.0,3.04,BR,1597624101.0
barillas,15.8,-91.32,62.38399999999999,90.0,50.0,0.83,GT,1597624210.0
batagay-alyta,67.8,130.41,46.31000000000008,56.0,2.0,1.7,RU,1597624211.0
dickinson,29.46,-95.05,93.2,59.0,1.0,4.1,US,1597624211.0
ginir,7.13,40.7,57.794000000000075,91.0,0.0,3.29,ET,1597624211.0
zhigansk,66.77,123.37,51.944000000000074,52.0,0.0,6.16,RU,1597624212.0
nizhniy kuranakh,58.84,125.49,50.48600000000007,67.0,96.0,1.19,RU,1597624212.0
yerbogachen,61.28,108.01,59.03600000000007,53.0,0.0,0.66,RU,1597624212.0
eureka,40.8,-124.16,71.99600000000005,33.0,32.0,1.79,US,1597624059.0
manono,-7.3,27.42,68.558,37.0,78.0,1.53,CD,1597624212.0
sorland,67.67,12.69,50.55800000000001,72.0,77.0,5.56,NO,1597624213.0
xuanhua,40.61,115.04,68.684,85.0,100.0,2.14,CN,1597624213.0
americus,32.07,-84.23,87.8,62.0,46.0,1.5,US,1597624213.0
asyut,27.18,31.18,80.6,42.0,0.0,3.6,EG,1597624213.0
san patricio,19.22,-104.7,86.0,74.0,20.0,5.1,MX,1597624214.0
meadow lake,34.8,-106.54,95.0,12.0,1.0,6.7,US,1597624214.0
henties bay,-22.12,14.28,53.99600000000005,87.0,0.0,2.35,NA,1597624132.0
plettenberg bay,-34.05,23.37,48.74000000000002,72.0,100.0,2.0,ZA,1597624132.0
paringao,16.57,120.32,82.97600000000008,71.0,100.0,2.93,PH,1597624214.0
la baule-escoublac,47.29,-2.36,62.99600000000005,100.0,23.0,2.6,FR,1597624215.0
taketa,32.97,131.38,82.99400000000007,80.0,93.0,0.45,JP,1597624215.0
broken hill,-31.95,141.43,57.2,54.0,6.0,5.7,AU,1597624194.0
marsa matruh,31.35,27.25,75.2,94.0,20.0,2.6,EG,1597624215.0
nuevo progreso,23.17,-97.95,84.00200000000008,64.0,80.0,3.58,MX,1597624216.0
sahuaripa,29.05,-109.23,76.29800000000003,70.0,100.0,3.88,MX,1597624216.0
brezice,45.9,15.59,71.00600000000003,93.0,19.0,0.5,SI,1597624216.0
pashiya,58.43,58.26,49.53200000000002,95.0,100.0,2.5,RU,1597624216.0
nueva gerona,21.88,-82.8,85.51400000000004,67.0,3.0,1.22,CU,1597624217.0
sao desiderio,-12.36,-44.97,74.858,37.0,14.0,1.78,BR,1597624217.0
saint-augustin,51.23,-58.65,65.94800000000002,58.0,0.0,5.84,CA,1597624217.0
mananjary,-21.22,48.33,64.184,91.0,13.0,2.77,MG,1597624217.0
angoche,-16.23,39.91,70.37600000000009,93.0,20.0,1.71,MZ,1597624217.0
crestline,34.24,-117.29,102.2,22.0,75.0,7.7,US,1597624218.0
san ignacio,17.16,-89.07,82.4,78.0,75.0,2.1,BZ,1597624218.0
gewane,10.17,40.65,77.9,68.0,100.0,2.57,ET,1597624218.0
mitu,1.2,-70.17,74.37200000000004,93.0,0.0,0.28,CO,1597624218.0
abu dhabi,24.47,54.37,91.4,79.0,94.0,1.5,AE,1597624150.0
quang ngai,15.12,108.8,78.908,83.0,100.0,1.45,VN,1597624151.0
lulea,65.58,22.15,48.2,70.0,0.0,5.1,SE,1597624220.0
aykhal,66.0,111.5,57.2,41.0,72.0,3.0,RU,1597624071.0
mundo nuevo,18.7,-95.5,82.49000000000002,80.0,12.0,4.94,MX,1597624220.0
clyde river,70.47,-68.59,41.0,93.0,90.0,10.3,CA,1597624099.0
tyret pervaya,53.67,102.31,57.182000000000016,60.0,0.0,1.5,RU,1597624221.0
iberia,29.95,-91.75,93.99199999999999,52.0,1.0,2.1,US,1597624221.0
tacna,-18.01,-70.25,60.8,77.0,90.0,3.6,PE,1597624105.0
orodara,10.95,-4.93,75.2,94.0,5.0,2.1,BF,1597624222.0
mackay,-21.15,149.2,73.00400000000005,40.0,0.0,1.5,AU,1597624222.0
englehart,47.82,-79.87,64.4,93.0,20.0,1.5,CA,1597624222.0
pangnirtung,66.15,-65.71,51.71000000000008,75.0,100.0,3.12,CA,1597624223.0
brovst,57.1,9.53,66.00200000000008,93.0,85.0,3.34,DK,1597624223.0
asau,46.43,26.4,62.00600000000003,90.0,66.0,0.98,RO,1597624223.0
glasgow,55.87,-4.26,57.2,82.0,90.0,5.1,GB,1597624205.0
blind river,46.18,-82.96,71.6,68.0,1.0,4.6,CA,1597624223.0
aginskoye,51.1,114.53,52.97000000000006,93.0,100.0,6.27,RU,1597624224.0
lorengau,-2.02,147.27,85.33399999999999,69.0,0.0,5.03,PG,1597624224.0
walla walla,46.06,-118.34,102.2,15.0,1.0,4.6,US,1597624224.0
los llanos de aridane,28.66,-17.92,78.00800000000001,78.0,15.0,6.2,ES,1597624225.0
okha,53.57,142.95,57.41600000000001,86.0,100.0,3.89,RU,1597624225.0
manacor,39.57,3.21,75.2,94.0,20.0,0.5,ES,1597624225.0
vila velha,-20.33,-40.29,75.2,88.0,75.0,3.6,BR,1597624225.0
ballina,-28.87,153.57,64.4,45.0,0.0,6.2,AU,1597624225.0
hami,42.8,93.45,77.81000000000009,18.0,5.0,3.43,CN,1597624226.0
mizdah,31.45,12.98,76.06400000000004,40.0,0.0,2.42,LY,1597624139.0
ihosy,-22.4,46.12,56.3,65.0,0.0,1.34,MG,1597624226.0
choma,-16.81,26.95,55.742,36.0,0.0,0.94,ZM,1597624226.0
guerrero negro,27.98,-114.06,81.32000000000006,58.0,0.0,7.5,MX,1597624227.0
altamira,-3.2,-52.21,83.91200000000006,44.0,85.0,1.54,BR,1597624161.0
diamantino,-14.41,-56.45,83.13800000000005,29.0,18.0,2.44,BR,1597624227.0
melo,-32.37,-54.18,44.69000000000002,73.0,0.0,2.47,UY,1597624227.0
kirksville,40.19,-92.58,80.99600000000005,57.0,1.0,2.9,US,1597624227.0
kolobrzeg,54.18,15.58,69.99800000000002,49.0,0.0,2.96,PL,1597624228.0
dzilam gonzalez,21.28,-88.93,81.03200000000001,79.0,100.0,2.91,MX,1597624228.0
wajid,3.81,43.25,72.08600000000007,72.0,100.0,7.17,SO,1597624228.0
smithers,54.78,-127.17,77.0,50.0,40.0,2.6,CA,1597624218.0
tabou,4.42,-7.35,73.67000000000006,78.0,34.0,3.08,CI,1597624229.0
nouadhibou,20.93,-17.03,75.2,69.0,0.0,10.3,MR,1597624229.0
christchurch,-43.53,172.63,51.008,71.0,1.0,3.1,NZ,1597623953.0
el vigia,8.62,-71.65,77.86400000000003,80.0,89.0,1.6,VE,1597624229.0
poum,-20.23,164.02,74.37200000000004,83.0,39.0,9.96,NC,1597624028.0
tamworth,52.63,-1.7,60.8,93.0,90.0,3.1,GB,1597623992.0
braganca paulista,-22.94,-46.56,68.0,88.0,100.0,1.0,BR,1597623941.0
nishihara,26.18,127.76,87.8,66.0,20.0,5.7,JP,1597624020.0
lac du bonnet,50.25,-96.06,69.00800000000001,91.0,77.0,1.34,CA,1597624031.0
caronport,50.45,-105.82,87.00800000000001,31.0,0.0,1.79,CA,1597624230.0
yakeshi,49.28,120.73,64.25600000000003,92.0,100.0,2.42,CN,1597624231.0
nisia floresta,-6.09,-35.21,75.2,83.0,20.0,2.6,BR,1597624231.0
iralaya,15.0,-83.23,78.8,94.0,40.0,3.03,HN,1597624231.0
geraldton,-28.77,114.6,57.2,87.0,75.0,5.7,AU,1597624231.0
gold coast,-28.0,153.43,68.0,43.0,0.0,0.89,AU,1597624232.0
soc trang,9.6,105.98,78.8,100.0,75.0,1.0,VN,1597624232.0
kimberley,-28.73,24.76,32.0,74.0,0.0,2.1,ZA,1597624232.0
kuala terengganu,5.33,103.14,78.8,88.0,20.0,2.1,MY,1597624229.0
konongo,6.62,-1.22,69.51200000000006,93.0,59.0,1.03,GH,1597624232.0
sola,-13.88,167.55,84.2,74.0,90.0,2.6,VU,1597624020.0
witu,-2.39,40.44,73.07600000000009,89.0,98.0,3.64,KE,1597624233.0
high rock,26.62,-78.28,86.0,70.0,20.0,1.5,BS,1597624233.0
tiarei,-17.53,-149.33,82.4,65.0,20.0,6.2,PF,1597624233.0
takoradi,4.88,-1.76,72.69800000000002,90.0,0.0,3.1,GH,1597624233.0
aripuana,-9.17,-60.63,80.07800000000006,29.0,2.0,0.38,BR,1597624234.0
khvatovka,52.35,46.56,49.04600000000005,88.0,40.0,3.47,RU,1597624234.0
dudinka,69.41,86.18,60.8,51.0,27.0,6.0,RU,1597624069.0
nenjiang,49.18,125.22,62.22200000000004,94.0,100.0,4.25,CN,1597624234.0
antigonish,45.62,-62.0,64.00400000000005,76.0,100.0,0.45,CA,1597624234.0
minna,9.61,6.56,78.8,88.0,20.0,1.5,NG,1597624235.0
hokitika,-42.72,170.97,52.538000000000046,59.0,1.0,2.56,NZ,1597624235.0
gao,16.64,1.64,88.358,43.0,97.0,1.97,ML,1597624235.0
hualmay,-11.1,-77.61,59.46800000000009,84.0,39.0,4.67,PE,1597624235.0
san rafael,-34.62,-68.33,53.34800000000003,35.0,0.0,4.4,AR,1597624236.0
mahina,-17.51,-149.49,82.4,65.0,20.0,6.2,PF,1597624236.0
male,4.17,73.51,82.4,83.0,75.0,1.5,MV,1597624236.0
pailon,-17.65,-62.75,60.8,87.0,75.0,1.5,BO,1597624236.0
kosonsoy,41.26,71.55,78.8,36.0,100.0,4.1,UZ,1597624237.0
petropavlovsk-kamchatskiy,53.05,158.65,66.2,72.0,20.0,3.0,RU,1597624237.0
khasan,42.43,130.64,76.60400000000006,74.0,89.0,0.98,RU,1597624237.0
ndele,8.41,20.65,69.71000000000008,97.0,100.0,0.81,CF,1597624237.0
bandrele,-12.91,45.19,73.4,88.0,69.0,2.6,YT,1597624237.0
richards bay,-28.78,32.04,59.61200000000006,61.0,10.0,3.36,ZA,1597624238.0
wajima,37.4,136.9,78.8,88.0,75.0,4.6,JP,1597624238.0
kazerun,29.62,51.65,80.85200000000007,20.0,0.0,1.37,IR,1597624238.0
sterling,39.01,-77.43,73.00400000000005,78.0,20.0,2.1,US,1597624190.0
moroni,-11.7,43.26,75.27200000000003,63.0,77.0,1.46,KM,1597624239.0
banda aceh,5.56,95.32,81.32000000000006,76.0,27.0,4.06,ID,1597624239.0
storm lake,42.64,-95.21,84.00200000000008,94.0,1.0,3.1,US,1597624215.0
sembakung,3.82,117.25,82.958,76.0,47.0,1.01,ID,1597624239.0
poya,-21.35,165.15,74.96600000000001,75.0,62.0,2.09,NC,1597624239.0
ansbach,49.3,10.58,68.0,82.0,1.0,2.1,DE,1597624239.0
tilichiki,60.47,166.1,62.52800000000006,52.0,0.0,6.39,RU,1597624240.0
trairi,-3.28,-39.27,77.45,79.0,2.0,5.23,BR,1597624017.0
nouakchott,18.09,-15.98,82.4,83.0,45.0,5.7,MR,1597624191.0
akyab,20.15,92.9,81.96800000000009,84.0,100.0,6.26,MM,1597624240.0
taoudenni,22.68,-3.98,102.39800000000002,8.0,0.0,3.59,ML,1597624241.0
grand-santi,4.25,-54.38,74.48000000000005,90.0,56.0,0.98,GF,1597624241.0
muriti,-1.98,32.92,66.2,93.0,20.0,2.67,TZ,1597624241.0
namanyere,-7.52,31.05,61.84400000000007,44.0,54.0,3.44,TZ,1597624241.0
tuatapere,-46.13,167.68,46.004000000000055,96.0,75.0,0.89,NZ,1597624099.0
pingzhuang,42.04,119.29,71.33000000000004,82.0,100.0,2.65,CN,1597624242.0
coihaique,-45.58,-72.07,34.25,88.0,64.0,4.2,CL,1597624129.0
saurimo,-9.66,20.39,64.5260000000001,28.0,26.0,1.41,AO,1597624242.0
kaberamaido,1.74,33.16,67.13600000000007,89.0,55.0,1.61,UG,1597624242.0
bereda,43.27,-7.54,62.00600000000003,99.0,100.0,5.36,ES,1597624243.0
fare,-16.7,-151.02,78.65600000000003,71.0,0.0,5.18,PF,1597624094.0
bambanglipuro,-7.95,110.28,76.01000000000008,83.0,43.0,2.45,ID,1597624109.0
flin flon,54.77,-101.86,64.4,52.0,75.0,5.1,CA,1597623966.0
bucerias,20.75,-105.33,86.0,74.0,75.0,4.1,MX,1597624243.0
banjarmasin,-3.32,114.59,77.0,100.0,75.0,0.5,ID,1597624244.0
chimoio,-19.12,33.48,62.6,45.0,0.0,1.5,MZ,1597624244.0
novo aripuana,-5.12,-60.38,82.00400000000005,47.0,16.0,0.29,BR,1597624244.0
kamyshevatskaya,46.41,37.96,67.01000000000008,62.0,0.0,2.17,RU,1597624244.0
saraland,30.82,-88.07,91.4,49.0,1.0,1.5,US,1597624245.0
oga,46.46,10.35,59.0,100.0,20.0,0.5,IT,1597624245.0
algeciras,36.13,-5.45,71.6,73.0,0.0,6.7,ES,1597624245.0
svetlyy,54.67,20.13,62.00600000000003,93.0,20.0,1.94,RU,1597624246.0
lincoln,40.8,-96.67,66.2,93.0,90.0,6.21,US,1597624235.0
marsaxlokk,35.84,14.54,82.00400000000005,79.0,60.0,4.47,MT,1597624246.0
dondo,-19.61,34.74,64.4,100.0,90.0,3.1,MZ,1597624246.0
waddan,29.16,16.14,80.47400000000002,39.0,0.0,0.64,LY,1597624044.0
nikolayevsk-na-amure,53.14,140.73,54.77000000000006,91.0,100.0,2.47,RU,1597624246.0
san-pedro,4.75,-6.64,72.266,83.0,0.0,2.69,CI,1597624247.0
xining,36.62,101.77,54.03200000000002,68.0,100.0,1.64,CN,1597624247.0
san quintin,30.48,-115.95,78.47600000000008,61.0,77.0,4.48,MX,1597624148.0
mezen,65.85,44.24,41.9,94.0,0.0,2.12,RU,1597624247.0
lunenburg,44.38,-64.32,64.00400000000005,83.0,100.0,2.9,CA,1597624248.0
ostrovnoy,68.05,39.51,45.59000000000002,84.0,30.0,8.59,RU,1597624137.0
lebedinyy,58.52,125.52,43.03399999999999,89.0,100.0,2.8,RU,1597624248.0
bloomingdale,27.89,-82.24,82.99400000000007,88.0,1.0,2.23,US,1597624248.0
gbarnga,7.0,-9.47,66.02000000000007,98.0,98.0,0.93,LR,1597624248.0
carutapera,-1.2,-46.02,77.234,83.0,51.0,3.38,BR,1597623978.0
hamilton,39.18,-84.53,80.6,51.0,1.0,4.1,US,1597624184.0
kruisfontein,-34.0,24.73,46.99400000000007,68.0,96.0,0.45,ZA,1597624039.0
bentiu,9.23,29.83,72.55400000000006,93.0,100.0,1.32,SS,1597624249.0
abadiania,-16.2,-48.71,69.8,46.0,1.0,1.0,BR,1597624237.0
hambantota,6.12,81.12,77.0,100.0,40.0,2.6,LK,1597624250.0
williston,48.15,-103.62,86.0,33.0,0.0,1.34,US,1597624101.0
alofi,-19.06,-169.92,77.0,57.0,75.0,9.3,NU,1597624080.0
soe,-9.86,124.28,77.54000000000002,43.0,0.0,2.29,ID,1597624250.0
bowen,-20.02,148.23,73.4,43.0,0.0,1.5,AU,1597624250.0
carlyle,38.61,-89.37,80.99600000000005,59.0,0.0,2.81,US,1597624250.0
saint-georges,12.06,-61.75,82.4,83.0,20.0,5.1,GD,1597624251.0
gorontalo,0.54,123.06,85.04600000000005,62.0,11.0,2.5,ID,1597624251.0
muroto,33.28,134.15,87.8,70.0,33.0,2.6,JP,1597624251.0
baiyin,36.56,104.21,55.99400000000007,100.0,40.0,3.0,CN,1597624251.0
pochutla,15.74,-96.47,84.99199999999999,70.0,40.0,7.7,MX,1597624252.0
ust-nera,64.57,143.2,52.88000000000004,43.0,0.0,2.55,RU,1597624252.0
hay river,60.82,-115.8,64.4,72.0,75.0,3.1,CA,1597624252.0
imeni poliny osipenko,52.42,136.49,55.508,92.0,100.0,5.17,RU,1597624252.0
camacha,33.08,-16.33,71.6,78.0,20.0,2.6,PT,1597624253.0
magistralnyy,56.17,107.45,56.89400000000008,54.0,0.0,3.83,RU,1597624253.0
dakar,14.69,-17.44,84.2,83.0,20.0,2.1,SN,1597624218.0
kapit,2.02,112.93,81.28399999999999,73.0,42.0,0.37,MY,1597624254.0
anadyr,64.75,177.48,59.0,62.0,100.0,2.0,RU,1597624132.0
qinzhou,21.95,108.62,81.48200000000001,83.0,100.0,4.36,CN,1597624254.0
mahibadhoo,3.78,72.97,82.83200000000002,72.0,100.0,1.49,MV,1597624254.0
terrace bay,48.78,-87.1,61.088000000000044,81.0,56.0,2.8,CA,1597624254.0
starozhilovo,54.23,39.92,60.998000000000026,79.0,0.0,4.63,RU,1597624255.0
mazatlan,23.22,-106.42,89.00600000000003,66.0,90.0,2.1,MX,1597624255.0
rexburg,43.83,-111.79,91.4,14.0,1.0,2.1,US,1597624255.0
